{"cameraMode":{"drawMode":0,"name":"Shaded","section":"Shading Mode"},"sceneLighting":true,"audioPlay":false,"sceneViewState":{"m_AlwaysRefresh":false,"showFog":true,"showSkybox":true,"showFlares":true,"showImageEffects":true,"showParticleSystems":true,"showVisualEffectGraphs":true,"m_FxEnabled":true},"in2DMode":false,"pivot":{"x":1.4476114511489869,"y":2.1350769996643068,"z":6.747873783111572},"rotation":{"x":-0.03455537185072899,"y":0.0527157336473465,"z":-0.00006480859883595258,"w":0.998469889163971},"size":4.137380599975586,"orthographic":false}