{"cameraMode":{"drawMode":0,"name":"Shaded","section":"Shading Mode"},"sceneLighting":true,"audioPlay":false,"sceneViewState":{"m_AlwaysRefresh":false,"showFog":true,"showSkybox":true,"showFlares":true,"showImageEffects":true,"showParticleSystems":true,"showVisualEffectGraphs":true,"m_FxEnabled":true},"in2DMode":false,"pivot":{"x":-0.5873586535453796,"y":0.6683511137962341,"z":2.2257394790649416},"rotation":{"x":0.09441275149583817,"y":-0.0017642442835494876,"z":-0.0019202788826078177,"w":0.9960047006607056},"size":0.6948060989379883,"orthographic":false}