{"cameraMode":{"drawMode":0,"name":"Shaded","section":"Shading Mode"},"sceneLighting":true,"audioPlay":false,"sceneViewState":{"m_AlwaysRefresh":false,"showFog":true,"showSkybox":true,"showFlares":true,"showImageEffects":true,"showParticleSystems":true,"showVisualEffectGraphs":true,"m_FxEnabled":true},"in2DMode":false,"pivot":{"x":2.823373794555664,"y":1.8214385509490967,"z":-0.2812843918800354},"rotation":{"x":0.01948954164981842,"y":0.6838344931602478,"z":-0.018261726945638658,"w":0.729236364364624},"size":0.6828956007957459,"orthographic":false}